BEGIN TRANSACTION;
CREATE TABLE "schema_migrations" ("version" text NOT NULL);
INSERT INTO "schema_migrations" VALUES('20160125201833');
INSERT INTO "schema_migrations" VALUES('20160125225728');
INSERT INTO "schema_migrations" VALUES('20160126001716');
INSERT INTO "schema_migrations" VALUES('20160126120903');
INSERT INTO "schema_migrations" VALUES('20160129110221');
INSERT INTO "schema_migrations" VALUES('20160129110311');
CREATE TABLE "movies" ("id" SERIAL PRIMARY KEY NOT NULL, "title" text, "description" text, "director" text, "actors" text, "genre" text, "runtime" text, "budget" text, "created_at" timestamp, "updated_at" timestamp, "cover_file_name" text, "cover_content_type" text, "cover_file_size" integer, "cover_updated_at" timestamp);
INSERT INTO "movies" VALUES(1,'The Revenant','A frontiersman on a fur trading expedition in the 1820s fights for survival after being mauled by a bear and left for dead by members of his own hunting team.','Alejandro González Iñárritu','Leonardo DiCaprio, Tom Hardy, Will Poulter',' Adventure, Drama, Thriller','157 min','$135,000,000','2016-01-25 21:02:03.595232','2016-01-25 23:29:15.065902','revenant.jpg','image/jpeg',70741,'2016-01-25 23:29:14.913228');
INSERT INTO "movies" VALUES(2,'Star Wars: Episode VII - The Force Awakens','Three decades after the defeat of the Galactic Empire, a new threat arises. The First Order attempts to rule the galaxy and only a ragtag group of heroes can stop them, along with the help of the Resistance.','J.J. Abrams','Daisy Ridley, John Boyega, Oscar Isaac','Action, Adventure, Fantasy','135 min','$200,000,000','2016-01-25 21:27:10.818417','2016-01-25 23:29:40.811393','star_wars.jpg','image/jpeg',102310,'2016-01-25 23:29:40.657827');
INSERT INTO "movies" VALUES(4,'Spectre','A cryptic message from Bond''s past sends him on a trail to uncover a sinister organization. While M battles political forces to keep the secret service alive, Bond peels back the layers of deceit to reveal the terrible truth behind SPECTRE.','Sam Mendes','Daniel Craig, Christoph Waltz, Léa Seydoux','Action, Adventure, Thriller','148 min','$245,000,000','2016-01-26 11:13:00.812867','2016-01-26 11:13:00.812867','spectre.jpg','image/jpeg',33968,'2016-01-26 11:13:00.627746');
INSERT INTO "movies" VALUES(5,'Mad Max: Fury Road','A woman rebels against a tyrannical ruler in postapocalyptic Australia in search for her home-land with the help of a group of female prisoners, a psychotic worshipper, and a drifter named Max.','George Miller','Tom Hardy, Charlize Theron, Nicholas Hoult','Action, Adventure, Sci-Fi ','120 min','$150,000,000','2016-01-26 11:15:31.416747','2016-01-26 11:15:31.416747','mad_max.jpg','image/jpeg',76522,'2016-01-26 11:15:31.231998');
INSERT INTO "movies" VALUES(6,'The Martian','During a manned mission to Mars, Astronaut Mark Watney is presumed dead after a fierce storm and left behind by his crew. But Watney has survived and finds himself stranded and alone on the hostile planet. With only meager supplies, he must draw upon his ingenuity, wit and spirit to subsist and find a way to signal to Earth that he is alive.','Ridley Scott','Matt Damon, Jessica Chastain, Kristen Wiig','Adventure, Drama, Sci-Fi','144 min','$108,000,000','2016-01-26 11:18:15.034879','2016-01-26 11:18:15.034879','martian.jpg','image/jpeg',88614,'2016-01-26 11:18:14.878025');
INSERT INTO "movies" VALUES(7,'Jurassic World','A new theme park is built on the original site of Jurassic Park. Everything is going well until the park''s newest attraction--a genetically modified giant stealth killing machine--escapes containment and goes on a killing spree.','Colin Trevorrow','Chris Pratt, Bryce Dallas Howard, Ty Simpkins','Action, Adventure, Sci-Fi','124 min','$150,000,000','2016-01-26 11:30:45.136721','2016-01-26 11:30:45.136721','jurassic_park.jpg','image/jpeg',61464,'2016-01-26 11:30:44.988121');
INSERT INTO "movies" VALUES(8,'Bridge of Spies','During the Cold War, an American lawyer is recruited to defend an arrested Soviet spy in court, and then help the CIA facilitate an exchange of the spy for the Soviet captured American U2 spy plane pilot, Francis Gary Powers.','Steven Spielberg','Tom Hanks, Mark Rylance, Alan Alda','Biography, Drama, Thriller','142 min','$40,000,000','2016-01-26 11:32:56.023019','2016-01-26 11:32:56.023019','bridge_of_spies.jpg','image/jpeg',72073,'2016-01-26 11:32:55.874573');
INSERT INTO "movies" VALUES(9,'The Hateful Eight','In the dead of a Wyoming winter, a bounty hunter and his prisoner find shelter in a cabin currently inhabited by a collection of nefarious characters.','Quentin Tarantino','Samuel L. Jackson, Kurt Russell, Jennifer Jason Leigh','Crime, Drama, Mystery','187 min','$62,000,000','2016-01-26 11:35:01.843307','2016-01-29 21:59:18.181288','the_hateful_eight.jpg','image/jpeg',75092,'2016-01-26 11:35:01.685751');
INSERT INTO "movies" VALUES(10,'Terminator Genisys','When John Connor, leader of the human resistance, sends Sgt. Kyle Reese back to 1984 to protect Sarah Connor and safeguard the future, an unexpected turn of events creates a fractured timeline.','Alan Taylor','Arnold Schwarzenegger, Jason Clarke, Emilia Clarke','Action, Adventure, Sci-Fi','126 min','$155,000,000','2016-01-26 11:38:06.195148','2016-01-26 11:38:06.195148','terminator_genisys.jpg','image/jpeg',86670,'2016-01-26 11:38:06.046121');
INSERT INTO "movies" VALUES(11,'Minions','Minions Stuart, Kevin and Bob are recruited by Scarlet Overkill, a super-villain who, alongside her inventor husband Herb, hatches a plot to take over the world.','Kyle Balda, Pierre Coffin','Sandra Bullock, Jon Hamm, Michael Keaton','Animation, Comedy, Family','91 min','$74,000,000','2016-01-26 11:40:26.972037','2016-01-26 11:40:26.972037','minions.jpg','image/jpeg',36084,'2016-01-26 11:40:26.827413');
INSERT INTO "movies" VALUES(12,'The Last Witch Hunter','The last witch hunter is all that stands between humanity and the combined forces of the most horrifying witches in history.','Breck Eisner','Vin Diesel, Rose Leslie, Elijah Wood','Action, Adventure, Fantasy','106 min','$90,000,000','2016-01-26 11:42:55.021718','2016-01-26 11:42:55.021718','the_last_witch_hunter.jpg','image/jpeg',79163,'2016-01-26 11:42:54.866131');
INSERT INTO "movies" VALUES(13,'Ip Man 3','When a band of brutal gangsters led by a crooked property developer make a play to take over the city, Master Ip is forced to take a stand.','Wilson Yip','Donnie Yen, Lynn Hung, Jin Zhang','Action, Biography, Drama','105 min','$36,000,000','2016-01-26 11:45:03.422762','2016-01-26 11:45:03.422762','ip_man3.jpg','image/jpeg',66045,'2016-01-26 11:45:03.273026');
CREATE TABLE "users" ("id" SERIAL PRIMARY KEY NOT NULL, "email" text DEFAULT '' NOT NULL, "encrypted_password" text DEFAULT '' NOT NULL, "reset_password_token" text, "reset_password_sent_at" timestamp, "remember_created_at" timestamp, "sign_in_count" integer DEFAULT 0 NOT NULL, "current_sign_in_at" timestamp, "last_sign_in_at" timestamp, "current_sign_in_ip" text, "last_sign_in_ip" text, "created_at" timestamp, "updated_at" timestamp);
INSERT INTO "users" VALUES(1,'qarahat@gmail.com','$2a$10$X8ZtrtOvLR6C5hHcb/6WTeV/yz7xgrlYuXGVaIq1Knh7//fXeQ1C6',NULL,NULL,NULL,8,'2016-01-31 23:44:11.464263','2016-01-30 06:14:33.085524','::1','127.0.0.1','2016-01-26 01:45:23.446688','2016-01-31 23:44:11.465279');
CREATE TABLE "reviews" ("id" SERIAL PRIMARY KEY NOT NULL, "body" text, "star" integer, "user_id" integer, "movie_id" integer, "created_at" timestamp, "updated_at" timestamp);
INSERT INTO "reviews" VALUES(11,'Average movie',3,1,2,'2016-01-28 12:40:44.338485','2016-01-28 12:40:44.338485');
INSERT INTO "reviews" VALUES(12,'Nice!',4,1,2,'2016-01-29 10:53:17.699347','2016-01-29 10:53:17.699347');
INSERT INTO "reviews" VALUES(13,'Excellent!',5,1,2,'2016-01-29 10:54:01.826083','2016-01-29 10:54:01.826083');
INSERT INTO "reviews" VALUES(14,'Not bad',3,1,2,'2016-01-29 10:55:47.580303','2016-01-29 10:55:47.580303');
INSERT INTO "reviews" VALUES(15,'Excellent film!',5,1,5,'2016-01-31 23:46:11.330873','2016-01-31 23:46:11.330873');
INSERT INTO "reviews" VALUES(16,'Poor!',1,1,5,'2016-01-31 23:48:02.064969','2016-01-31 23:48:02.064969');
INSERT INTO "reviews" VALUES(17,'Best movie of Leo',5,1,1,'2016-01-31 23:58:59.545257','2016-01-31 23:58:59.545257');
CREATE TABLE "tags" ("id" SERIAL PRIMARY KEY NOT NULL, "name" text, "created_at" timestamp, "updated_at" timestamp);
INSERT INTO "tags" VALUES(1,'action','2016-01-29 11:29:41.424647','2016-01-29 11:29:41.424647');
INSERT INTO "tags" VALUES(2,'adventure','2016-01-29 11:29:41.426366','2016-01-29 11:29:41.426366');
INSERT INTO "tags" VALUES(3,'fantasy','2016-01-29 11:29:41.427519','2016-01-29 11:29:41.427519');
INSERT INTO "tags" VALUES(4,'drama','2016-01-29 21:57:40.792505','2016-01-29 21:57:40.792505');
INSERT INTO "tags" VALUES(5,'thriller','2016-01-29 21:57:40.794837','2016-01-29 21:57:40.794837');
INSERT INTO "tags" VALUES(6,'sci-fi','2016-01-29 21:58:18.414407','2016-01-29 21:58:18.414407');
INSERT INTO "tags" VALUES(7,'biography','2016-01-29 21:58:55.759914','2016-01-29 21:58:55.759914');
INSERT INTO "tags" VALUES(8,'crime','2016-01-29 21:59:18.167082','2016-01-29 21:59:18.167082');
INSERT INTO "tags" VALUES(9,'mystery','2016-01-29 21:59:18.174182','2016-01-29 21:59:18.174182');
INSERT INTO "tags" VALUES(10,'animation','2016-01-29 22:00:01.362381','2016-01-29 22:00:01.362381');
INSERT INTO "tags" VALUES(11,'comedy','2016-01-29 22:00:01.363913','2016-01-29 22:00:01.363913');
INSERT INTO "tags" VALUES(12,'family','2016-01-29 22:00:01.365060','2016-01-29 22:00:01.365060');
CREATE TABLE "taggings" ("id" SERIAL PRIMARY KEY NOT NULL, "tag_id" integer, "movie_id" integer, "created_at" timestamp, "updated_at" timestamp);
INSERT INTO "taggings" VALUES(1,1,2,'2016-01-29 11:29:41.433002','2016-01-29 11:29:41.433002');
INSERT INTO "taggings" VALUES(2,2,2,'2016-01-29 11:29:41.434340','2016-01-29 11:29:41.434340');
INSERT INTO "taggings" VALUES(3,3,2,'2016-01-29 11:29:41.435292','2016-01-29 11:29:41.435292');
INSERT INTO "taggings" VALUES(4,2,1,'2016-01-29 21:57:40.800002','2016-01-29 21:57:40.800002');
INSERT INTO "taggings" VALUES(5,4,1,'2016-01-29 21:57:40.801629','2016-01-29 21:57:40.801629');
INSERT INTO "taggings" VALUES(6,5,1,'2016-01-29 21:57:40.802579','2016-01-29 21:57:40.802579');
INSERT INTO "taggings" VALUES(7,2,4,'2016-01-29 21:58:01.523560','2016-01-29 21:58:01.523560');
INSERT INTO "taggings" VALUES(8,4,4,'2016-01-29 21:58:01.524855','2016-01-29 21:58:01.524855');
INSERT INTO "taggings" VALUES(9,5,4,'2016-01-29 21:58:01.525794','2016-01-29 21:58:01.525794');
INSERT INTO "taggings" VALUES(10,1,5,'2016-01-29 21:58:18.416698','2016-01-29 21:58:18.416698');
INSERT INTO "taggings" VALUES(11,2,5,'2016-01-29 21:58:18.417773','2016-01-29 21:58:18.417773');
INSERT INTO "taggings" VALUES(12,6,5,'2016-01-29 21:58:18.418772','2016-01-29 21:58:18.418772');
INSERT INTO "taggings" VALUES(13,2,6,'2016-01-29 21:58:27.995562','2016-01-29 21:58:27.995562');
INSERT INTO "taggings" VALUES(14,4,6,'2016-01-29 21:58:27.996974','2016-01-29 21:58:27.996974');
INSERT INTO "taggings" VALUES(15,6,6,'2016-01-29 21:58:27.998028','2016-01-29 21:58:27.998028');
INSERT INTO "taggings" VALUES(16,1,7,'2016-01-29 21:58:38.248260','2016-01-29 21:58:38.248260');
INSERT INTO "taggings" VALUES(17,2,7,'2016-01-29 21:58:38.249681','2016-01-29 21:58:38.249681');
INSERT INTO "taggings" VALUES(18,6,7,'2016-01-29 21:58:38.250755','2016-01-29 21:58:38.250755');
INSERT INTO "taggings" VALUES(19,7,8,'2016-01-29 21:58:55.763017','2016-01-29 21:58:55.763017');
INSERT INTO "taggings" VALUES(20,4,8,'2016-01-29 21:58:55.764043','2016-01-29 21:58:55.764043');
INSERT INTO "taggings" VALUES(21,5,8,'2016-01-29 21:58:55.764937','2016-01-29 21:58:55.764937');
INSERT INTO "taggings" VALUES(22,8,9,'2016-01-29 21:59:18.176935','2016-01-29 21:59:18.176935');
INSERT INTO "taggings" VALUES(23,4,9,'2016-01-29 21:59:18.178562','2016-01-29 21:59:18.178562');
INSERT INTO "taggings" VALUES(24,9,9,'2016-01-29 21:59:18.180035','2016-01-29 21:59:18.180035');
INSERT INTO "taggings" VALUES(25,1,10,'2016-01-29 21:59:34.134792','2016-01-29 21:59:34.134792');
INSERT INTO "taggings" VALUES(26,2,10,'2016-01-29 21:59:34.136050','2016-01-29 21:59:34.136050');
INSERT INTO "taggings" VALUES(27,6,10,'2016-01-29 21:59:34.136999','2016-01-29 21:59:34.136999');
INSERT INTO "taggings" VALUES(28,10,11,'2016-01-29 22:00:01.366970','2016-01-29 22:00:01.366970');
INSERT INTO "taggings" VALUES(29,11,11,'2016-01-29 22:00:01.368117','2016-01-29 22:00:01.368117');
INSERT INTO "taggings" VALUES(30,12,11,'2016-01-29 22:00:01.369104','2016-01-29 22:00:01.369104');
INSERT INTO "taggings" VALUES(31,1,12,'2016-01-29 22:00:12.008575','2016-01-29 22:00:12.008575');
INSERT INTO "taggings" VALUES(32,2,12,'2016-01-29 22:00:12.010145','2016-01-29 22:00:12.010145');
INSERT INTO "taggings" VALUES(33,3,12,'2016-01-29 22:00:12.011125','2016-01-29 22:00:12.011125');
INSERT INTO "taggings" VALUES(34,1,13,'2016-01-29 22:00:26.486502','2016-01-29 22:00:26.486502');
INSERT INTO "taggings" VALUES(35,7,13,'2016-01-29 22:00:26.487863','2016-01-29 22:00:26.487863');
INSERT INTO "taggings" VALUES(36,4,13,'2016-01-29 22:00:26.488974','2016-01-29 22:00:26.488974');
DELETE FROM sqlite_sequence;
CREATE UNIQUE INDEX "unique_schema_migrations" ON "schema_migrations" ("version");
CREATE UNIQUE INDEX "index_users_on_email" ON "users" ("email");
CREATE UNIQUE INDEX "index_users_on_reset_password_token" ON "users" ("reset_password_token");
CREATE INDEX "index_reviews_on_user_id" ON "reviews" ("user_id");
CREATE INDEX "index_reviews_on_movie_id" ON "reviews" ("movie_id");
CREATE INDEX "index_taggings_on_tag_id" ON "taggings" ("tag_id");
CREATE INDEX "index_taggings_on_movie_id" ON "taggings" ("movie_id");
COMMIT;
